solver,accuracy,precision,recall,training_time,n_iter,converged
adam,0.9440559440559441,0.9591836734693877,0.8867924528301887,0.14985132217407227,36,True
sgd,0.9230769230769231,0.9375,0.8490566037735849,0.5540971755981445,141,True
lbfgs,0.958041958041958,0.9607843137254902,0.9245283018867925,0.3692629337310791,177,True
