architecture,n_parameters,accuracy,precision,recall,training_time,n_iter
"(8,)",88,0.3776223776223776,0.3732394366197183,1.0,0.027017831802368164,16
"(16,)",176,0.916083916083916,0.8153846153846154,1.0,0.055043697357177734,33
"(32,)",352,0.9230769230769231,0.92,0.8679245283018868,0.11301231384277344,50
"(8, 4)",124,0.6293706293706294,0.0,0.0,0.027486085891723633,12
"(16, 8)",312,0.8951048951048951,0.7878787878787878,0.9811320754716981,0.03603529930114746,21
"(32, 16)",880,0.6293706293706294,0.0,0.0,0.045006513595581055,12
"(16, 8, 4)",348,0.3706293706293706,0.3706293706293706,1.0,0.05134439468383789,12
"(32, 16, 8)",1016,0.965034965034965,0.9444444444444444,0.9622641509433962,0.09213376045227051,41
