architecture,n_parameters,accuracy,precision,recall,f1,auc,training_time,n_iter
"(8,)",88,0.3776223776223776,0.3732394366197183,1.0,0.5435897435897435,0.21278825995807127,0.023014307022094727,16
"(16,)",176,0.916083916083916,0.8153846153846154,1.0,0.8983050847457628,0.9966457023060797,0.05782628059387207,33
"(32,)",352,0.9230769230769231,0.92,0.8679245283018868,0.8932038834951457,0.9851153039832286,0.09848618507385254,50
"(8, 4)",124,0.6293706293706294,0.0,0.0,0.0,0.9918238993710693,0.0431818962097168,12
"(16, 8)",312,0.8951048951048951,0.7878787878787878,0.9811320754716981,0.8739495798319328,0.9723270440251572,0.04194927215576172,21
"(32, 16)",880,0.6293706293706294,0.0,0.0,0.0,0.02285115303983228,0.02699136734008789,12
"(16, 8, 4)",348,0.3706293706293706,0.3706293706293706,1.0,0.5408163265306123,0.27610062893081766,0.0318446159362793,12
"(32, 16, 8)",1016,0.965034965034965,0.9444444444444444,0.9622641509433962,0.9532710280373832,0.9958071278825995,0.0771019458770752,41
